y_true,y_pred
4.0,4.260486673212926
83.0,79.56945719821191
162.0,125.257765348677
181.0,179.5204364607392
0.0,28.896746603707953
136.0,142.55323041065907
0.0,5.754462537788918
76.0,69.61059194581405
0.0,5.824438891366444
100.0,90.87741996859305
19.0,16.149032565665745
137.0,110.21262800020232
14.0,20.249866114517733
43.0,31.701047464569978
138.0,50.1671157211717
39.0,19.18620177497168
112.0,91.05781770761874
83.0,104.26762918234525
16.0,41.362566416265764
52.0,27.492858701417305
91.0,89.47169229256521
45.0,67.86299389317304
6.0,25.257969986800465
126.0,108.79930271520162
110.0,161.296674069024
80.0,92.3410387412739
0.0,-0.005459908255460325
26.0,21.602491050332347
0.0,-1.996210969079237
191.0,180.58728435993984
17.0,16.405712310398926
33.0,21.46589985196486
27.0,42.43710635859524
181.0,152.07779499192407
27.0,26.92382817899873
122.0,129.01212847908388
26.0,28.173169866340963
110.0,90.17887293756051
60.0,73.5951480391079
77.0,43.348250411388996
133.0,132.25353135375605
79.0,73.42009631081505
26.0,30.52779166562254
96.0,73.70616523905582
0.0,0.6741717310065423
75.0,54.86317132377568
13.0,7.100674294336512
44.0,37.666223889305236
63.0,77.9093374918819
117.0,112.86355509364695
79.0,79.43546802601105
62.0,57.55738508153578
0.0,17.309507106470914
91.0,32.43799110156084
15.0,11.76067440083339
122.0,106.65275802767164
144.0,150.47682125995323
51.0,61.47742140844024
0.0,7.973974072694166
37.0,27.21106355565257
14.0,17.153388498700284
107.0,93.95747260737292
109.0,110.03314733158115
62.0,75.03417658894165
56.0,66.38209593653632
99.0,85.95407981985718
70.0,74.29184033969196
0.0,12.300332285152045
205.0,203.10353115514235
110.0,124.94179658799136
36.0,26.946660495605208
77.0,56.48598313659262
165.0,171.1838969301135
39.0,28.435146020813324
22.0,13.227744734031337
66.0,66.04803434035415
92.0,90.4291067012374
107.0,129.61917079912695
74.0,87.33773149060205
60.0,49.23476495130392
65.0,55.62414340376238
102.0,133.5221370327597
157.0,138.4442636589215
0.0,0.857984867572208
0.0,8.517921635063066
55.0,52.42801090564212
142.0,152.95519004249346
51.0,47.93723299835322
143.0,108.70899219243644
48.0,52.93205086188029
30.0,37.09747966119626
90.0,55.49876922286833
104.0,117.01742588648722
162.0,158.20522323670116
51.0,68.16887779384165
0.0,1.669128488802611
150.0,142.63294378804542
11.0,18.966951944833426
11.0,3.5833640862845035
124.0,104.40660036447721
19.0,17.8951956221926
33.0,35.559816085585595
192.0,194.10351255586735
87.0,95.39268754402424
33.0,30.792741160412866
20.0,17.534281951858564
135.0,140.09733134188667
127.0,132.11527889180581
162.0,109.97133388770322
28.0,44.95671027172348
106.0,114.01440866732588
179.0,171.47813293200247
163.0,159.4704724001485
44.0,31.677297705173515
35.0,25.92672549309996
57.0,58.37889297088299
52.0,40.40456928229962
103.0,120.10487963365499
133.0,164.73151502914465
62.0,81.80566192998062
0.0,18.474279429811343
138.0,152.6454368351761
58.0,44.91675244408067
0.0,14.245474658658623
51.0,53.16567979366596
106.0,86.0488223163739
122.0,108.49748211423069
71.0,87.29015352127196
131.0,130.138641442125
0.0,14.456730082361451
89.0,98.77571095190662
87.0,81.34342453869333
0.0,-0.7537528139220848
172.0,183.37384222797772
109.0,120.08926947205816
40.0,50.35324973658407
87.0,91.05698520134052
119.0,129.03871377940888
92.0,76.52211093709245
27.0,48.58426423967462
59.0,78.2055693563789
24.0,22.30609389209367
52.0,49.183145820523286
38.0,42.888944248068064
170.0,151.6412696948919
79.0,99.31898747337613
43.0,49.803805167974126
158.0,146.04257632612797
96.0,113.92443220212658
12.0,21.404216715616528
186.0,144.04660807902826
47.0,58.43498268414995
26.0,36.562748269377416
38.0,60.07057249173762
70.0,103.15901706743087
0.0,40.241986619628456
141.0,127.1445533354155
173.0,152.90962964666858
78.0,39.86584864593661
170.0,127.20019594907946
139.0,81.22225024557451
13.0,23.388029974263922
166.0,161.8842969355713
118.0,121.08652019920882
42.0,38.16401576115145
84.0,112.25698764464289
46.0,27.531281429845247
185.0,183.9744159105448
118.0,117.59774449588157
59.0,49.004914014976364
145.0,137.04524543568286
127.0,116.41482422207447
11.0,12.589076758160033
0.0,9.993084021878655
49.0,64.20446609114316
13.0,19.421700794689244
84.0,90.37234980925179
134.0,124.58926795479294
0.0,1.1000792495309635
109.0,122.25605645882331
0.0,7.555531032891502
36.0,54.59210567950269
117.0,120.81728636691614
167.0,164.71330224465146
38.0,62.451941960556404
0.0,9.662044135069836
13.0,30.64812368348926
81.0,85.73085229724246
36.0,37.09187178042345
152.0,162.9276200471602
0.0,20.0461956509562
106.0,98.26167613288231
153.0,143.45960312312846
194.0,185.60656916965962
37.0,32.2159752192636
16.0,23.01282527683965
15.0,31.510892943917302
205.0,184.07332045395884
45.0,55.74161950961724
16.0,14.259039057245575
0.0,8.213131134243636
18.0,7.9873876113744755
15.0,30.147566658041946
142.0,168.75514893058093
83.0,83.85852717030244
72.0,94.24924344096613
17.0,17.730801641375677
117.0,97.56925972148034
16.0,4.115052049689874
149.0,153.639107134892
80.0,105.57237951206872
50.0,30.64536781950269
74.0,75.3748195049662
32.0,40.854770755460315
91.0,106.48715188391354
59.0,76.34462480903247
2.0,12.427041433331066
88.0,110.72307551926315
127.0,115.80600969129685
53.0,34.725713562717175
78.0,67.09322022570812
86.0,87.66774644208466
0.0,13.201927822772493
144.0,154.76911623329565
228.0,207.20515194673231
128.0,121.24754570281581
0.0,22.636627215559948
0.0,-7.50455211670267
19.0,27.507786673344018
0.0,16.226147373966594
46.0,46.15976484828025
6.0,9.473343460302905
14.0,15.468304992908136
83.0,84.64615908378428
78.0,76.30657996657469
56.0,61.7252219116229
48.0,51.42616941725356
24.0,20.067007848112862
245.0,232.41299084488813
2.0,22.812579555761356
122.0,88.67379862391519
117.0,115.4549917584651
35.0,17.900952407210678
65.0,76.72300607835388
80.0,57.10763785229138
12.0,22.933001602567582
142.0,142.3459324498599
31.0,31.857723337383113
146.0,128.00949182180284
11.0,32.5379135825757
0.0,-1.2265130308957877
86.0,73.17672726061647
16.0,10.675463630417266
13.0,17.779846526493174
63.0,49.603012407069464
42.0,50.4540772016077
80.0,73.8071843103981
20.0,12.779126056505026
23.0,17.06370416635008
111.0,98.75011868134216
86.0,70.10555435365757
59.0,46.73546748532282
112.0,96.94696353445649
0.0,9.614684142441165
115.0,106.71828681328446
0.0,6.278960732449488
119.0,114.29663433801778
138.0,142.5108207287608
0.0,5.018204004049233
23.0,17.53402846109892
145.0,127.12184872802958
0.0,1.007152433290735
0.0,4.570043827741497
29.0,26.230815715024026
59.0,57.554175363273984
31.0,25.17656757087569
44.0,39.95039730275527
0.0,24.049316475642264
127.0,132.44761759381032
86.0,95.33612004078441
129.0,98.29238971222851
88.0,84.58538352319987
0.0,17.61359539068982
20.0,38.94030115617162
121.0,114.81795485199127
118.0,99.40091654785516
127.0,126.41773257363641
56.0,53.42621080381284
91.0,93.51922595605181
56.0,31.981699944517732
116.0,116.54798903898377
15.0,20.584416683217643
33.0,35.96391610769022
0.0,1.2038109035291125
30.0,30.39407515392109
107.0,98.77053264711577
83.0,90.62062692260406
9.0,14.255877153052266
109.0,85.11354210039991
11.0,24.91458015027108
150.0,146.9446437737731
44.0,54.52509350822925
86.0,74.18236597889683
0.0,18.145845566335616
183.0,144.6710506503881
124.0,120.91425853768878
20.0,17.864192601495954
108.0,122.82578770906125
154.0,149.74847377302288
52.0,27.268370864072185
31.0,36.796545559693584
19.0,21.11061547240913
22.0,27.52792428080777
111.0,98.72324020719188
93.0,94.05065865775197
32.0,46.116800855264316
0.0,14.689290299853889
0.0,8.19618703012084
94.0,72.13127766397663
0.0,17.176697811221327
162.0,141.02538040313522
142.0,132.03780011221033
12.0,37.513877746459826
0.0,2.515120799307773
151.0,147.36781583196355
65.0,68.16645345469693
144.0,150.9094241489225
0.0,-1.4851539394963942
198.0,184.97328769672893
64.0,49.38555179879021
32.0,45.763319525756614
0.0,2.068930010756028
0.0,20.31344766913983
72.0,61.316465830600265
63.0,61.00611787654228
154.0,134.58110870591184
157.0,124.22487270944099
12.0,21.64745495911448
80.0,48.93565333327095
24.0,15.446748050398838
34.0,29.675051949370644
95.0,85.38942485217036
0.0,11.866550437989188
60.0,57.52502738687013
51.0,57.961823893658334
177.0,174.69683930413208
39.0,60.342686843725495
0.0,2.833803019579214
0.0,18.205178581686035
0.0,0.2871813197089683
0.0,14.225656364201466
0.0,19.605778906158967
35.0,24.387329077642057
148.0,100.88463053003345
157.0,145.24735263376158
48.0,35.12556057044967
80.0,77.10405843729492
0.0,3.6049932363566097
11.0,20.20868445734311
141.0,135.42202858288732
132.0,133.55850602448842
59.0,77.01328287400723
21.0,39.826142978340954
42.0,54.461966620260135
87.0,84.08161061098146
102.0,95.56891400368475
0.0,-5.175360780848277
37.0,49.21177058766748
159.0,135.90476533635675
112.0,97.03739512090726
0.0,1.1494154645400025
0.0,5.894536750017162
120.0,104.10233445709697
143.0,140.94539911627598
59.0,37.971353797653755
71.0,63.28136058164629
146.0,159.89987406240726
119.0,109.6580928745334
0.0,7.47959410924441
193.0,173.19555650349176
54.0,71.50713655200404
173.0,156.40038852085326
15.0,17.291218231273795
149.0,147.31028039866004
142.0,114.24087189478622
112.0,118.14347453713401
121.0,77.02592786475395
166.0,143.4862291770957
126.0,122.66082417410009
107.0,115.00317044469176
0.0,6.557931982209477
70.0,46.2407621659537
4.0,1.4065396138323991
112.0,91.75939982986434
30.0,14.545686688771069
11.0,9.98677633357942
86.0,106.24484162755694
14.0,33.539316221685034
65.0,67.02089350531601
126.0,130.1986578524538
189.0,171.2809137791231
4.0,3.8510424593579162
154.0,131.65567014099997
59.0,60.26766788861405
53.0,33.34783615614641
0.0,16.38553813789402
47.0,43.875303109989765
151.0,118.74024438245587
0.0,-5.421026631048901
48.0,32.88547902789589
91.0,128.02741870741545
0.0,18.04316031765859
179.0,176.40480621911146
102.0,113.0289353783763
93.0,102.75185298658437
64.0,36.14282607836371
18.0,40.678073959725666
103.0,107.96848137949992
7.0,10.692222387721216
47.0,55.802540341465416
12.0,21.6970526025581
38.0,21.426853455066574
0.0,3.2513600164969327
61.0,51.26354883842869
74.0,40.908886654920856
137.0,155.41177439281626
0.0,3.584510356004007
18.0,18.675053277106638
0.0,-1.7690386457028664
0.0,4.342538201706474
12.0,23.12816545433692
84.0,77.60665632693818
82.0,93.15598719861659
40.0,78.4939097268709
129.0,141.1589653236498
15.0,15.837770993535148
0.0,0.5123402878528908
104.0,94.19068476895981
106.0,83.30148885346958
14.0,3.143967941034713
69.0,54.493109288370604
64.0,58.808430639997596
137.0,102.04235594328898
70.0,78.66773756283165
0.0,13.671372418632949
55.0,76.37044551764359
108.0,132.84244746059107
46.0,38.56091637836423
36.0,41.61407189337717
14.0,18.182844670500742
67.0,59.66709621743797
85.0,53.46423536102343
58.0,37.697087988040316
65.0,79.61843812680323
136.0,148.60544273214776
71.0,57.772243540096746
173.0,175.03857225109968
31.0,51.17774244202558
0.0,-0.16461255254666274
9.0,10.389694747994842
150.0,124.47643013185547
100.0,88.26731065143882
76.0,69.33763114445941
64.0,53.52020464013963
52.0,59.014010581735214
29.0,22.75738913833443
161.0,141.8018161322757
231.0,222.8826058816937
68.0,87.69936847513462
13.0,9.522941847883962
16.0,21.308624545221203
72.0,75.06042834853231
45.0,78.88410280341097
85.0,35.46166483701442
0.0,5.172658861043908
25.0,21.074212483972108
95.0,102.66650899451345
46.0,27.697082369533586
60.0,52.80225317223201
74.0,66.03894121359731
54.0,42.48420750174397
17.0,30.550968057638592
10.0,9.893691077388615
50.0,25.291394455589696
38.0,45.58785555193147
25.0,9.077326579260182
12.0,8.438794935799946
198.0,186.63151980542773
99.0,97.52776534797664
0.0,17.45066750030159
0.0,-0.9235090399001878
46.0,42.34800443146273
12.0,21.417977781493985
69.0,81.41560728561127
0.0,-6.561010436374199
0.0,20.93901152176102
74.0,128.45959294456148
36.0,54.52787055182837
183.0,188.21570551977788
0.0,17.400843358882693
16.0,54.618010196119045
35.0,38.972390424132094
0.0,13.916566523658776
45.0,47.49226575953259
86.0,86.86856496478211
37.0,71.88080374047526
110.0,119.91622558269356
150.0,104.31847197913949
41.0,46.853311757108635
220.0,124.461239334151
14.0,15.696654881151058
72.0,79.4965846970107
61.0,80.26419528927133
130.0,114.34476916102395
0.0,8.868466444310682
156.0,160.46886214154839
17.0,33.65520602047509
25.0,20.473983544624573
115.0,102.94148106371202
38.0,18.673441160338868
12.0,15.413144196515063
0.0,0.8160895824504788
39.0,16.311163364684784
127.0,85.25310018210676
27.0,33.44536890655221
150.0,140.4884197851591
127.0,121.44433788832282
100.0,96.4926402409655
72.0,62.479859155584165
0.0,18.997537464036082
0.0,10.217280448676016
23.0,17.049859430995497
13.0,27.922335957834445
57.0,31.668159554811695
0.0,0.9595663253031976
87.0,86.01146365901853
118.0,106.61769473136592
127.0,131.34812802132743
19.0,9.35124929210181
14.0,29.914507907326595
0.0,13.363389714728198
0.0,18.587948005370023
13.0,23.107802095517556
75.0,73.43013144125824
93.0,96.85416238028691
54.0,65.63115080858547
17.0,23.204841939822334
109.0,102.42405523718205
27.0,33.22769275908555
123.0,131.51787597193336
0.0,15.372794916571474
113.0,124.77100133498512
42.0,68.25157000215599
16.0,10.239568176788316
75.0,88.22532820245928
0.0,18.52864946947101
0.0,-6.589919271205204
0.0,10.17535225326647
153.0,131.04765349900725
62.0,78.47472300460137
22.0,20.235465719977565
44.0,34.212311531564715
86.0,80.10078612229958
11.0,15.714292974185968
143.0,137.63105151485996
32.0,28.8860203307958
25.0,23.897713612101995
151.0,139.792830359883
10.0,9.109839805890278
55.0,46.641410795782335
0.0,7.360219227742445
0.0,2.650722632784852
44.0,53.711116502454466
199.0,194.7266589688412
124.0,128.90746959031716
32.0,50.54792093496252
53.0,61.461574659595655
87.0,68.25178424091067
111.0,112.9147514106223
129.0,127.80779273421724
178.0,178.0855001892628
142.0,128.60635372172325
11.0,5.346563275850076
135.0,152.84963856720665
0.0,0.8698003594297649
108.0,84.98194133307356
0.0,9.601216498968068
31.0,33.69123571572583
66.0,78.50320516440021
51.0,47.94461947573112
121.0,113.53135337136656
102.0,60.37519206602881
60.0,26.398104736144145
116.0,131.5500929895375
49.0,45.139261800285105
98.0,93.88292359844803
129.0,120.85387223769358
126.0,126.67949224603001
114.0,100.63533254429343
23.0,51.813288168994696
64.0,47.41903708679897
146.0,137.89175695800884
23.0,36.8880734490967
121.0,127.62016241371165
47.0,58.27818736033019
0.0,8.165575386946925
56.0,70.68645481896282
158.0,148.4961496394374
119.0,63.36895301959174
18.0,9.44136317353471
50.0,33.80019237797741
61.0,121.86455036817638
160.0,153.40780587892243
142.0,112.62198512754802
13.0,14.634313366190886
11.0,23.853120750445463
0.0,9.70854911123277
92.0,89.12432782164568
13.0,23.071775199539285
50.0,51.71938245762049
57.0,33.43621237475666
0.0,-1.557517711281247
63.0,76.55901468570248
51.0,47.821158255421906
0.0,13.406828167648694
158.0,112.33422368342761
33.0,51.3514443290971
30.0,23.373068236109983
173.0,175.46660376051204
158.0,154.83385084529652
167.0,165.12258493426702
120.0,121.46365012231114
11.0,-7.719296134111359
0.0,-2.454777211188286
203.0,186.8528147336745
25.0,11.876423225621611
120.0,120.23540488620122
43.0,64.949346223513
0.0,18.677859173436985
121.0,91.24950637237094
12.0,20.966965449445887
12.0,14.801297281246036
62.0,60.158019470860836
0.0,12.927332477436188
0.0,15.772935633749247
206.0,148.79797059984725
82.0,89.91737506371523
0.0,3.7358741189844404
11.0,13.333870083202036
111.0,117.22053800407798
161.0,157.69323363798017
174.0,152.71906951832784
9.0,14.553602981761337
77.0,82.24531676740907
20.0,15.588875838681352
105.0,137.44399909965622
0.0,11.918461833823919
214.0,220.0839597230812
147.0,135.6420353623533
25.0,18.66753694973394
0.0,4.225185248675561
63.0,49.07163924935561
88.0,79.44224083556097
93.0,106.08982698787221
104.0,111.80716503390255
14.0,18.965008776474395
113.0,103.47616262849553
109.0,110.60706779575656
120.0,102.43823106162418
119.0,110.75575985282592
185.0,167.7987939954986
173.0,159.32414955445694
48.0,60.61464967346513
171.0,152.37836618457857
67.0,81.25356859153221
28.0,40.55110110684864
83.0,45.86166681363458
0.0,10.364871378753298
19.0,14.165441030548497
21.0,4.958741938183455
34.0,47.50856673449632
35.0,25.296931718145682
130.0,149.1658930220224
61.0,54.22015092323514
71.0,57.84992910479849
77.0,71.25105433187461
0.0,7.041600020751059
23.0,16.074724329177833
152.0,160.84623216039734
31.0,43.15758034940579
0.0,23.48937364773285
67.0,38.196541628548054
119.0,120.67870965285579
4.0,5.613863531638832
61.0,83.8566984646727
30.0,27.367628170088814
95.0,96.91393839246597
124.0,113.4308510211597
12.0,16.623720030122097
73.0,60.59271926688107
156.0,134.01707112210661
217.0,208.10111426985262
108.0,77.93469728435053
131.0,131.27688374071516
109.0,93.14961065757133
73.0,55.28955159761157
84.0,96.17259740876464
0.0,2.1839410033908004
75.0,47.5424462690075
13.0,10.085580101890573
146.0,136.849823466465
12.0,14.940561646497386
46.0,47.08739580485424
15.0,30.794558091038585
40.0,74.00984627154492
24.0,30.451116985068328
76.0,73.16977524711601
75.0,85.72453885634623
80.0,77.52715604766081
119.0,115.29012752715438
13.0,20.450566982516712
122.0,102.09695887629366
41.0,58.262727889887316
74.0,56.425011634043045
0.0,8.940603232560697
77.0,68.7437349402361
63.0,51.212611749653206
15.0,11.92281170049297
0.0,3.5032816260989685
0.0,9.02536938281579
111.0,103.05478144924793
0.0,3.849721645594877
141.0,119.81672200523728
115.0,127.50879094795017
173.0,174.81289452967252
126.0,132.516177366119
95.0,89.17444409515046
169.0,151.0411565722766
64.0,63.04096104024328
46.0,59.364687966403935
134.0,140.80085622463307
86.0,110.89288245316335
85.0,75.52271223552836
4.0,17.591588907003292
194.0,173.80237644017754
92.0,138.79773146486286
0.0,4.704745144583585
76.0,108.93722769432462
95.0,86.43071519850825
72.0,72.26223707914608
133.0,121.10371012749066
0.0,6.1918776584362725
61.0,99.07460899942673
150.0,158.01010091829949
104.0,65.53588477701605
68.0,79.54736222166883
78.0,101.86148793747118
0.0,26.549672235175134
73.0,56.08573409251041
106.0,94.85440204202162
161.0,151.14806624341392
90.0,101.62420263195617
86.0,76.87330047942365
30.0,40.148685658192605
45.0,27.692180346037144
138.0,144.61567656396028
15.0,12.717671613385821
29.0,34.69341515036796
0.0,0.9402952850611576
57.0,45.0631540655387
13.0,23.407984752160203
122.0,130.78412297227672
149.0,133.76970434529386
105.0,103.69656750511548
16.0,4.835723148262257
88.0,77.08989715524366
71.0,71.19558937426231
20.0,19.18289512539586
127.0,123.24966042465506
119.0,60.16509387628098
191.0,169.9670587361538
18.0,19.230932438770445
66.0,53.40292037882393
42.0,44.32130090935184
98.0,64.02469408797654
0.0,7.939670153458821
44.0,34.90083588099904
0.0,15.528108711184466
0.0,26.612176720236267
119.0,107.62129383695223
0.0,18.986970722179347
12.0,32.25342913829806
86.0,91.15037353179206
86.0,89.28186703263401
101.0,83.78771960070253
112.0,73.37955243024015
0.0,8.348558240219026
90.0,110.0331392436346
0.0,21.219599200555216
0.0,0.814303968014208
167.0,158.23379593481724
77.0,59.98294308576903
45.0,52.49519474924793
0.0,2.253556938550319
0.0,39.548045538068976
130.0,131.08866527309493
44.0,46.23051438595007
12.0,30.173396006430615
164.0,138.61882518900111
12.0,12.528241395194481
95.0,86.24023487773695
0.0,8.381224098821187
87.0,82.37650265389892
136.0,126.47422387197052
30.0,57.18343622972054
0.0,9.065967382524619
0.0,-11.102396725927319
0.0,5.83380735155663
0.0,8.922117642453557
169.0,119.20148229644118
24.0,9.175714165320949
0.0,32.86306460316426
89.0,86.67929300920929
96.0,104.23126583158847
0.0,6.103396309841691
30.0,22.969810095712816
0.0,2.246477021175702
95.0,94.20003389552024
12.0,14.87040199643381
0.0,10.25314136723372
80.0,58.94056341920422
70.0,63.9588175859784
114.0,115.01552442658618
37.0,24.154805265746187
172.0,147.83127730048193
140.0,154.08715356595778
0.0,21.519115867485617
25.0,20.630944123926508
101.0,107.71809259223222
77.0,83.81057382548427
93.0,88.98045277552188
31.0,38.620818840421094
0.0,15.123719931677993
51.0,55.121430305685365
36.0,20.644797173269872
42.0,37.553969468999924
82.0,59.29292866273688
90.0,75.46990651969898
0.0,4.885425660816381
145.0,138.98493619646473
111.0,106.28734482861873
41.0,24.26670765500772
49.0,49.153854739309274
0.0,2.1815920205804775
72.0,49.348757780557264
114.0,120.69353383703702
13.0,20.111627019728115
93.0,96.26180858752323
76.0,67.94614371033344
12.0,10.974189496629387
117.0,103.90854428805159
32.0,21.72250539247054
12.0,14.128078670889016
125.0,88.75664010389964
0.0,10.839901642585684
17.0,21.93966116316019
16.0,21.567673252440816
100.0,87.41933227096261
0.0,17.93524814281368
140.0,148.96909867690027
124.0,132.16275807424293
113.0,121.0338791930951
0.0,-2.1646451710620886
145.0,123.06424431949291
109.0,86.40796551545529
0.0,2.187715138214644
49.0,70.8423690161338
154.0,143.09261038612087
31.0,51.78468753528442
0.0,21.08763683513401
76.0,54.00258692969577
144.0,139.06404335161548
49.0,24.963862052618264
33.0,31.790217461920033
33.0,23.402770260018094
11.0,19.897906168398386
100.0,129.28991091605087
46.0,73.54477300731382
0.0,10.321279428414757
0.0,11.934461596021496
138.0,132.0195032698881
0.0,4.72537538481369
141.0,144.37201347963472
46.0,52.19331315544379
13.0,18.58348532083102
46.0,58.75325847148396
0.0,4.644398371652446
29.0,44.00961775599143
96.0,89.54693587372255
54.0,50.48938426510515
0.0,5.066535623941259
54.0,66.58094078378542
111.0,120.12525724676053
125.0,119.95708463292863
105.0,104.08640753180131
0.0,10.784165520296716
73.0,60.60662614746011
74.0,79.48759012915009
140.0,144.14886025081512
0.0,13.807722894768357
95.0,91.34616383646551
22.0,33.35502096872294
0.0,0.488556081355514
213.0,201.56437957199924
56.0,71.49279423261711
56.0,72.78365521225068
13.0,11.338678350475
84.0,62.48888687496243
74.0,57.693311558268704
143.0,152.09077487878054
57.0,54.68025338333218
0.0,3.220118612204923
60.0,79.64962962654549
81.0,90.49606059081984
9.0,15.814336068828673
145.0,139.40518282228217
78.0,80.94655420521738
0.0,4.198381867843995
123.0,123.75229222852253
14.0,10.971140796112028
117.0,105.91096302948118
119.0,102.41926579371078
93.0,92.10988753291132
13.0,9.599310337857384
88.0,80.95315616303574
82.0,91.86770927502612
180.0,175.2039873842986
10.0,45.69138530003122
51.0,36.12957608960199
118.0,93.85044041464694
128.0,95.47162884983564
71.0,61.16673457272412
182.0,163.74370506577245
104.0,93.63863385140324
118.0,120.93631653807098
0.0,15.119261300866938
0.0,11.097790581360746
80.0,82.98609607339573
96.0,115.30504535681443
117.0,112.02271532816557
140.0,137.15391169834285
11.0,7.002685711974084
0.0,7.541993723103364
15.0,13.279645007241808
61.0,44.51798945571505
111.0,109.0276513457294
151.0,128.7583252408191
14.0,25.009787763830808
0.0,19.354944231067023
85.0,95.29030341987063
147.0,152.95303949047454
181.0,148.99403502305591
0.0,5.500099381107298
68.0,84.50776370329213
27.0,19.464463452937103
28.0,27.655418116490118
115.0,141.28491896187262
123.0,102.18853426709008
64.0,60.96038418474689
67.0,71.06393432630152
144.0,153.84180047441393
41.0,28.16209250586542
163.0,175.62061565727856
0.0,11.169779713146399
0.0,14.371716614060619
0.0,-4.48883263564779
35.0,48.09589879179241
43.0,81.24136258337056
97.0,78.57292468536575
91.0,107.07513366750123
36.0,48.132968720622
110.0,115.6875563668405
0.0,9.930067236811793
45.0,47.762874034911775
123.0,105.38150737515993
0.0,2.8432591630877972
154.0,156.67417672838477
57.0,55.002114194151176
145.0,138.09745030192664
0.0,14.192069441103316
22.0,16.033681488371133
0.0,-1.1683676037037412
152.0,146.95224272253802
33.0,13.142915878033365
72.0,56.39171326022607
49.0,62.86701242704925
67.0,45.365349725679
38.0,45.71655452164191
30.0,14.25650085924449
34.0,41.92771604070156
27.0,41.572684366532165
12.0,11.048434279165722
125.0,112.24830677837966
0.0,5.81028073533489
15.0,12.26354614844194
0.0,5.122607311422167
12.0,4.933925256528861
36.0,23.58521580909344
132.0,137.5126129454294
74.0,81.61476001480189
61.0,33.86987956807281
22.0,15.3592518538817
48.0,38.51192961723346
16.0,13.731476181634214
10.0,-1.6503239754386214
79.0,64.61361389141607
113.0,117.08245972486706
63.0,67.1126663828462
13.0,12.402839418435871
24.0,26.295075272050894
73.0,36.19129910827005
36.0,43.654432540631944
32.0,34.10159963857684
199.0,144.8245271962599
102.0,125.9228842422616
16.0,20.56126935630483
0.0,4.870305766319303
43.0,26.99261767328775
0.0,12.271645313705717
0.0,1.763076130595159
0.0,10.349113170887446
0.0,4.253266364559872
61.0,44.27536522487429
31.0,25.90754189434647
136.0,144.57635654939543
14.0,16.742246067622226
0.0,9.241658100625846
55.0,62.939350227953035
0.0,19.354690904826043
13.0,14.704243354485886
159.0,158.5690931406261
0.0,11.45052849597394
103.0,93.03344306848689
57.0,74.37701412396866
55.0,54.52426995037516
107.0,100.44351563841188
29.0,29.889447429409902
154.0,135.29837386692353
21.0,18.74931000652802
71.0,58.35186681785831
0.0,9.956862023309002
43.0,46.21162188409462
72.0,92.8163796037934
172.0,146.6133040936301
38.0,42.904318726545945
75.0,93.95206596183289
158.0,149.7598018457661
122.0,119.60603704904459
142.0,153.62867560369511
0.0,11.756704980878235
0.0,25.487985145287798
164.0,146.9249906034759
0.0,2.634326108978047
141.0,138.79456825397412
28.0,25.766031293510203
0.0,11.110726304525055
69.0,55.369536171781675
171.0,193.36298825451894
161.0,166.66646512059322
58.0,82.50328773773705
111.0,106.644821389753
190.0,181.33991757608388
111.0,120.65705895549378
61.0,46.528041389425795
49.0,55.68593376066499
135.0,86.45783661884509
0.0,1.5161291698946318
71.0,109.49620288610774
105.0,117.34479041516997
38.0,29.598394233505775
51.0,36.697058946339205
12.0,6.482782771727204
13.0,18.22446195701105
16.0,6.816982627466775
23.0,17.59049139815672
0.0,9.304850326554863
0.0,9.430427000006148
13.0,5.030539907958793
12.0,20.16325402426194
75.0,86.02140068639719
127.0,128.41062861805182
128.0,145.29655233449986
81.0,97.63778170695606
0.0,7.600302508278843
10.0,23.919044283759565
11.0,5.494615230680719
110.0,118.63722198417487
91.0,69.94317705829661
60.0,79.55005314748155
110.0,84.45986708125078
154.0,152.13700512953545
71.0,40.94661938194985
47.0,44.66481355847125
11.0,30.3890580381688
210.0,178.31459605111306
127.0,98.00864415415336
56.0,106.41630864973054
77.0,94.5186447524853
114.0,87.85275138514415
64.0,74.38917038260162
78.0,64.9579484306136
138.0,121.55989317842152
55.0,62.78148412314644
109.0,120.6513790165532
0.0,6.7422988783833535
25.0,19.276523839118806
15.0,10.03361650211589
68.0,62.596777813076365
136.0,158.7743267971254
29.0,24.011638445191167
95.0,75.25917611230588
145.0,148.9711057311146
0.0,11.087681994236979
0.0,6.6482236108793575
0.0,22.02507430529028
88.0,86.81444804320235
13.0,26.265226875135518
40.0,79.144598383424
36.0,43.32602599247878
71.0,66.33498965798611
18.0,4.654257572050405
108.0,111.0475871107233
103.0,121.6288474087767
0.0,12.963933498274434
95.0,89.73834932326743
163.0,125.00605783753436
57.0,92.62699571902907
58.0,60.273773237301235
43.0,33.75484277612343
156.0,160.37215784796894
75.0,80.41998270365661
70.0,35.60442097447441
115.0,124.33114687438332
107.0,88.38556327372426
159.0,160.5447768044189
274.0,179.2415980069216
189.0,156.78838482534783
0.0,3.350342927301854
112.0,131.011800544799
0.0,23.646422422003255
125.0,153.69629067476535
42.0,39.83048320662952
101.0,81.11587318250534
66.0,59.53145682309655
58.0,68.20729841182923
56.0,31.001300337270184
96.0,93.40208282312449
0.0,0.533474803250381
132.0,105.96686503856225
11.0,19.76502731461206
75.0,69.70256592178151
0.0,3.6285741110647316
7.0,1.4402430234182284
107.0,91.41801465547833
125.0,147.1858181020395
154.0,158.91828640528124
0.0,3.398847744052714
56.0,26.841971305651295
18.0,28.474921556258646
101.0,111.96655550133916
20.0,17.268366477263694
13.0,14.822609235610942
0.0,11.302621769257835
0.0,22.523785961355454
53.0,64.38435581211596
0.0,12.08972176997017
34.0,63.108156294912696
13.0,14.768478815661663
5.0,9.230335766524416
19.0,12.94275494953248
87.0,83.77022929581163
147.0,129.5795805327872
139.0,136.20823022369257
51.0,38.22363180999435
146.0,131.1793782126368
13.0,0.709261525030491
160.0,150.86644787548747
16.0,11.802075210091756
110.0,96.79779795581466
136.0,111.98888039131685
109.0,86.22237526107708
160.0,146.12229937000487
95.0,102.75163515888886
22.0,24.454232495759886
0.0,14.82121425344284
228.0,172.7475334412282
86.0,74.24671704988836
41.0,29.14778748503211
165.0,171.54821557024025
0.0,9.588588327120991
96.0,85.54333583983038
70.0,83.14524381083638
72.0,136.9233553762426
0.0,15.405447415582898
58.0,45.327530128442845
0.0,1.579352964151486
12.0,30.04569838423763
0.0,4.538932796788804
11.0,11.280294820857918
52.0,83.85402161228905
89.0,90.86482434397584
66.0,57.777627512922315
56.0,111.94170510333585
102.0,104.17517270037287
26.0,26.446824435223654
0.0,-2.1388230239528565
12.0,12.348122501583815
0.0,14.739410152148528
108.0,103.32538959519631
85.0,68.81936888716275
106.0,99.52508347476302
70.0,81.63889771687896
98.0,90.82999489240092
13.0,14.487578939592208
0.0,2.381032644987652
123.0,135.33924857373347
133.0,131.39952679143354
71.0,73.748205696128
112.0,132.96319752884492
57.0,61.378436536242134
60.0,53.497629249043946
0.0,7.127975384928962
147.0,130.18010821848094
95.0,101.68116476517362
80.0,58.7709657517327
112.0,93.22610066653058
76.0,61.103106577065326
16.0,20.981858879407202
88.0,134.01598898353402
0.0,19.533081663284573
103.0,122.77765527300093
40.0,54.903085855644605
132.0,123.82828374112972
67.0,82.3811657833483
211.0,200.9875200602132
115.0,81.04716465965004
135.0,151.8807191595007
21.0,21.499748967999672
75.0,71.85048830659925
0.0,19.219138920310137
112.0,109.06206192918027
12.0,22.176545680758746
43.0,38.42516903817064
112.0,96.85766783351107
123.0,110.55771251997005
0.0,-1.5152368243584289
167.0,150.99861635395897
98.0,98.60365207425734
144.0,141.6171234763098
66.0,75.44025421616581
38.0,49.33993322570625
110.0,104.8812114076617
142.0,102.73501767206776
62.0,65.37942358577295
0.0,1.6823751735945904
37.0,25.388314208781726
0.0,11.746557276113984
80.0,74.49397624530677
84.0,105.17083311892651
0.0,-6.050919699350253
92.0,99.27372873481627
177.0,179.5545627926266
63.0,77.6116572937046
0.0,-0.06934731510804448
106.0,117.4950665828443
0.0,2.571630790301683
64.0,65.41516243111765
27.0,44.388739398559665
60.0,52.79743583468967
44.0,54.03497922808109
78.0,57.450932819227056
178.0,166.27926207546238
161.0,169.03836467427442
10.0,6.6320890313523755
102.0,93.28437226298168
134.0,121.52395517617092
32.0,22.609527696388326
28.0,57.227262008893256
162.0,144.34602220869508
62.0,82.08563415805243
107.0,127.39469686193259
13.0,18.737016787036886
134.0,140.52604239555725
171.0,167.8135186667466
102.0,78.00866896878254
12.0,33.23150532652455
87.0,80.49465119848168
11.0,17.954002900377706
47.0,72.14313582193368
114.0,107.2844604076135
85.0,76.55252018315878
0.0,13.342641967530945
14.0,11.922322980448703
15.0,15.427394824240874
24.0,19.72010157557009
18.0,11.782873474826305
53.0,65.0579943537222
24.0,36.99252389837883
113.0,108.64368009165376
6.0,5.785210917576252
99.0,111.66825714098064
55.0,63.93772302370315
55.0,35.57960808123266
107.0,46.42355950116169
14.0,14.658921626688354
0.0,6.2922083695726165
0.0,4.951276261899414
133.0,143.93432029852113
75.0,93.93757717466727
51.0,48.0140284064858
71.0,63.64874114746171
95.0,111.50576492494787
134.0,149.67855371893108
0.0,4.634021109039955
78.0,66.76493609504458
131.0,61.56053762320452
122.0,131.74778006253916
15.0,15.065328104912766
5.0,36.26412259239099
96.0,44.0202370422782
55.0,73.00287050334953
104.0,116.47899998032007
52.0,52.30286141989481
65.0,86.57212201655275
62.0,50.816845303701584
166.0,139.53528087571576
183.0,159.2485869572326
14.0,10.061163023519214
109.0,123.14726854420715
30.0,41.39728380906136
159.0,141.55337977352232
134.0,131.78298701648762
133.0,135.01772225803285
75.0,77.07977873882184
70.0,74.5108962412786
0.0,9.94506001776107
58.0,63.24392607928988
49.0,53.08257128620327
17.0,54.43585495052389
8.0,15.776148903371888
15.0,23.36254304551071
23.0,17.02416304817131
105.0,90.11357873261743
20.0,24.32626720715292
16.0,34.15330386028998
286.0,193.4051620781418
22.0,17.020479758172883
19.0,18.585740134942064
0.0,5.068993839585799
217.0,200.50453138959074
177.0,154.26780104397477
148.0,163.49643215030696
4.0,16.698346986594863
11.0,28.80722282596764
18.0,22.06390147820204
72.0,76.26814155201771
72.0,67.11192957439535
16.0,17.80363977843985
8.0,5.292607560588785
153.0,149.96986273342443
4.0,2.901551245748553
59.0,47.20023011034845
137.0,124.47491223342948
98.0,116.35728395468661
117.0,145.75074303093706
57.0,97.72064549128167
83.0,73.76805069400108
120.0,135.7393228023605
10.0,28.846758803637574
123.0,111.28185294108071
50.0,53.46815841932736
111.0,104.04842008684936
0.0,11.750394670121539
22.0,53.73525964351709
89.0,87.18174600595859
177.0,185.42831628733163
164.0,184.31122932922236
23.0,27.84828286544094
134.0,114.43537930221748
78.0,97.90808649670379
48.0,42.27940655646505
86.0,97.65663673892085
144.0,112.16712702303501
0.0,20.543032093967142
38.0,45.65148770815881
84.0,96.39563526210222
136.0,94.95248409795806
0.0,2.0108980461122568
76.0,47.69986039653747
0.0,14.03108761896396
0.0,7.094854221395969
43.0,99.98983362245886
88.0,65.05702354738115
29.0,34.36620040490313
88.0,82.8733923094177
121.0,105.44681693886757
24.0,8.340107324435758
0.0,7.582462246637113
146.0,107.16448700039716
117.0,84.18488941280152
0.0,13.011692525925467
58.0,70.77852448285533
0.0,2.7409493254789634
0.0,19.570430177633394
58.0,30.226287067622312
64.0,30.79324662674594
38.0,41.68923413913186
148.0,132.85759831640334
0.0,54.13628408578494
207.0,181.2267471601021
14.0,31.29174038523315
22.0,15.953640749128283
240.0,232.92506383927272
0.0,39.75354850429333
6.0,1.3961725996962013
13.0,13.71407100090518
68.0,90.31120179267516
104.0,94.9649728226676
85.0,91.76229799079321
86.0,69.61422431616424
65.0,91.14713770821196
21.0,13.698846609872575
87.0,89.24258481600702
14.0,11.894531943568547
13.0,11.116989411841985
15.0,25.068204229557093
94.0,86.74884382803674
88.0,54.38536338822086
122.0,103.2202639272336
78.0,63.403015998647646
98.0,134.57382491491072
6.0,2.935062841746479
103.0,108.64906000537005
62.0,63.14130878367883
63.0,38.510340927622735
79.0,105.06912380246483
30.0,34.65236099688013
138.0,141.40527998840525
0.0,14.75804050217616
134.0,155.63217077115948
11.0,18.06995484049276
135.0,125.19316966710336
0.0,1.8588180462666442
68.0,66.13981015199208
53.0,57.54080339421846
121.0,70.34376641789109
231.0,197.97659554167555
137.0,96.71248589325008
117.0,101.27543297141528
142.0,125.18890813035831
0.0,7.293962798850603
121.0,122.71583732914667
80.0,60.626568756652276
12.0,12.663131586008276
86.0,92.16158902755198
0.0,6.115392319457992
0.0,7.149487553822726
0.0,9.507473181015083
78.0,110.285602282447
77.0,112.92428299114846
55.0,63.39910842879401
103.0,49.784553518341966
0.0,24.881848434096984
35.0,36.328887334759024
31.0,23.880015483782465
48.0,57.52725939884779
13.0,17.956264425208097
132.0,115.85162680509188
64.0,42.74803413036981
123.0,51.10530099497841
132.0,101.23647905954962
116.0,119.89510520141619
61.0,56.974390309764736
72.0,57.5495087766673
186.0,163.88286145819876
101.0,107.02237272515698
46.0,41.25315397253793
181.0,173.37249675622576
107.0,111.84414901486356
155.0,140.69277653354362
0.0,2.8775874122033223
0.0,2.2236160377912864
41.0,37.49273841229274
28.0,15.821183904018724
88.0,92.10038168736521
68.0,92.20234164654417
20.0,28.595193967388166
43.0,42.855785158859334
89.0,81.31273973716398
115.0,104.36163602581368
56.0,35.73286249000537
169.0,164.72590824066214
0.0,10.00343764785842
91.0,106.70082355528791
12.0,14.488014657852698
35.0,45.45908548498929
0.0,4.149066095413151
0.0,3.4930954530662195
153.0,147.53691538397177
94.0,83.90748288180424
23.0,22.895166225233925
61.0,48.32549811283695
30.0,19.66511308085902
109.0,118.26061658729039
33.0,23.605041684299522
87.0,72.60151583354778
74.0,89.88449172812649
83.0,71.71237696878268
33.0,43.47087782172876
77.0,70.05419786248326
57.0,47.871254590614235
26.0,20.121533268775575
116.0,113.62087025910486
153.0,139.8099312949108
60.0,57.5290187595854
134.0,131.24664252750586
11.0,17.564613711870486
78.0,88.22296173011186
0.0,11.421991123605412
12.0,17.401325789509134
79.0,71.64411641946944
0.0,13.60181465511544
146.0,147.51081632437868
65.0,58.04413654756628
79.0,101.89611330247679
39.0,42.95481586409243
0.0,17.075470123442702
0.0,19.095599406555152
0.0,8.474500260411729
59.0,62.35513727361327
169.0,181.84391502680276
206.0,163.04508035766807
97.0,108.94117736451234
98.0,69.78065455807234
154.0,133.93033040427895
150.0,112.1390113621786
154.0,158.47568909727755
26.0,20.813596256179622
146.0,123.3225962791345
110.0,65.30440793715061
140.0,141.52595292180771
0.0,1.481691849892272
153.0,137.35960487540888
101.0,121.74790157204963
54.0,52.665940695135426
81.0,78.85382955087695
12.0,23.66636308639338
73.0,77.6052365499372
174.0,157.79182927359878
57.0,57.345890765454826
32.0,16.54361000685701
125.0,103.98094570667253
45.0,71.52767072196362
11.0,6.481165800908164
27.0,39.526117746501704
35.0,32.44622713578845
24.0,21.971823688838388
0.0,15.870842954838881
123.0,117.87790705684905
154.0,141.8748323461941
113.0,107.37405083857558
78.0,70.55765352998641
0.0,1.373031370428362
148.0,119.42267696472997
0.0,10.348096205127215
65.0,68.40873415711832
73.0,62.623651368236935
94.0,143.4873847435855
0.0,5.964149638586626
35.0,41.952387627341444
35.0,26.00687814389185
137.0,125.09115840338055
0.0,7.432859072757117
59.0,67.05829948036164
13.0,33.819787124038065
95.0,110.55787435917414
36.0,42.51113391247434
0.0,0.752824671061988
11.0,10.75792604554181
128.0,126.62400014244501
0.0,29.711812329020677
100.0,63.99609546006073
104.0,126.68206700183362
128.0,117.35135922179546
37.0,29.84112755316998
0.0,6.310975280515727
34.0,74.3642655688016
92.0,80.71235590130003
0.0,26.999818342397074
28.0,34.972674291747936
0.0,20.61975580145511
0.0,10.469703042820454
60.0,40.405889242335455
96.0,85.00607321957537
36.0,31.62355645304127
38.0,16.2947040463998
21.0,19.729660089540882
0.0,1.1071372621086009
71.0,93.30756648051542
14.0,15.267146824644602
12.0,16.91420364816312
75.0,79.68472834140312
89.0,84.53113221850072
15.0,3.8914213585910535
203.0,180.60138854135968
54.0,64.39237700187273
34.0,47.097933296260955
154.0,156.6126123339239
93.0,86.36257828335457
100.0,82.53579032492775
104.0,87.48089753438153
116.0,94.52832905841196
144.0,145.96204111725712
30.0,27.962354332981917
0.0,8.20710420863085
27.0,26.837205009095477
11.0,27.268319802267573
84.0,68.61807642504702
7.0,3.7050838096707315
0.0,7.147566384180711
52.0,61.63969529607142
188.0,176.3254655253997
129.0,116.92653964751817
66.0,52.900353690310446
132.0,154.68951053409256
47.0,57.96908405738184
45.0,40.78898671502008
72.0,60.52425753601526
0.0,15.863226231576009
17.0,16.320407797652063
0.0,14.933041068187853
167.0,177.31997484531297
56.0,84.97134503951258
49.0,61.04140678065355
14.0,6.7527869336648685
10.0,10.263185084629903
44.0,57.40462463658434
0.0,16.606819476653857
53.0,68.6823859781475
120.0,118.30239622331644
143.0,137.71259282203226
50.0,36.89499651735076
63.0,51.748224040340574
150.0,161.11110047177556
123.0,105.03071433968715
86.0,80.03435127640229
0.0,11.59514051968959
0.0,7.551515784331829
13.0,19.458246621086015
16.0,37.75773524294809
11.0,16.68710302892121
124.0,113.01796742430527
20.0,38.665903604780596
92.0,70.73808887950949
0.0,-0.5088707137819801
12.0,7.82720177819278
0.0,18.155700980154286
113.0,103.80922964048013
53.0,29.98448054932782
80.0,76.49230242744525
43.0,42.1784829623721
158.0,129.52338130990896
56.0,73.07246288965896
0.0,0.983390839598725
59.0,54.81134278954688
113.0,100.45226825147394
42.0,38.54829593614317
13.0,22.71140393652297
152.0,140.91146108811532
27.0,32.94480923061983
4.0,4.305095771737438
29.0,12.293110581919496
0.0,14.302170345753707
71.0,62.71462352232624
16.0,24.172626099601477
83.0,84.20022555206883
121.0,141.3133528613637
124.0,96.97408570188416
0.0,8.149075107064293
87.0,79.30290363810757
163.0,147.51450546083632
0.0,7.69023769262645
81.0,79.63637405850328
90.0,66.99961260283281
140.0,123.09915176524662
69.0,46.79441135376478
167.0,164.37386072240392
7.0,13.30119371331265
70.0,65.72477545447326
0.0,10.372843790854757
123.0,132.439321607756
12.0,12.337039298006724
61.0,68.46506810678265
0.0,8.147807695077493
147.0,144.50536710619136
168.0,172.91573861944696
0.0,4.259546249126054
26.0,47.77307812293674
17.0,14.267446827973007
26.0,44.02784445633723
62.0,72.27607511026774
137.0,107.19802718567279
84.0,111.48371086244228
20.0,12.129482004741194
12.0,10.17863022953821
71.0,40.799869105553356
44.0,67.92727567778394
122.0,125.94245607688912
95.0,76.43033858510366
125.0,128.68733680931643
0.0,1.6005795185338363
80.0,64.46062880925798
0.0,-2.1096844361036653
0.0,2.6236359005565064
0.0,26.802052992828788
93.0,105.26726506373791
106.0,82.68198443775712
131.0,100.45094003449933
2.0,0.08700358728448025
141.0,131.1069001227093
0.0,2.9231270160458216
67.0,82.40074154002042
18.0,65.17873206082754
124.0,115.70385256830349
16.0,19.100515587540226
126.0,112.172965459341
119.0,133.19390659283755
58.0,45.3115540445758
169.0,155.61048097635276
0.0,-0.30677695221837353
128.0,127.27962710927221
55.0,60.63882250567992
223.0,153.8882825214881
169.0,147.985650455657
0.0,1.59689741691018
12.0,11.33659459790438
72.0,81.6265016932269
58.0,79.51291912997864
137.0,142.92828230668212
102.0,101.68483116533072
91.0,99.44756463863283
89.0,75.96728142749056
82.0,67.22010654775866
32.0,32.39514802815479
55.0,56.57271759904336
0.0,17.51230398560985
76.0,81.0190043415315
172.0,155.98694911912847
78.0,69.68623319244594
83.0,103.25780620685427
64.0,30.892291878782483
35.0,41.59289131519946
162.0,179.85358837123965
12.0,19.262885589219163
165.0,159.74596111670198
65.0,71.00441201088698
66.0,101.92154437454168
172.0,143.92846264487633
29.0,46.70535377508741
48.0,66.27838549762875
10.0,-5.29258239434104
19.0,34.358752443955204
43.0,62.18420147010061
92.0,74.0457622488399
61.0,54.579776844858124
33.0,45.82933877138126
0.0,13.231477021163087
170.0,178.82873497538554
51.0,55.65881707822
53.0,40.327468556990354
64.0,69.56603251894369
0.0,11.58879245767813
54.0,70.8314111734402
68.0,72.3703944907769
162.0,142.24147777663265
59.0,92.35367735589534
38.0,20.17828282797862
0.0,5.516795511460671
123.0,112.00169804217528
30.0,23.118809917469925
11.0,22.433626787441074
144.0,114.63557791411365
0.0,31.814214779705033
0.0,8.474171814350395
109.0,83.11700072381292
148.0,123.38725395549523
172.0,176.53300618907113
67.0,67.4759167722244
34.0,7.941579646607488
41.0,47.43962199685797
14.0,19.83923380629405
126.0,125.64706110283163
136.0,112.22448925418007
118.0,114.42074999474065
16.0,24.421575528927416
83.0,105.75034644813404
0.0,13.530507664116595
147.0,158.68843503484453
0.0,5.04921655148064
14.0,20.015102807301343
0.0,17.364719678748443
107.0,118.8756180350991
0.0,15.36843815299756
111.0,90.41058718376837
0.0,-2.149598553436096
231.0,206.02296531502753
108.0,99.48246059861786
25.0,24.50876776201505
49.0,70.52292560203178
30.0,26.472059332094044
101.0,106.74405386367216
60.0,54.07169851635932
146.0,155.40842634104834
52.0,64.52342016034157
36.0,52.8056541360167
59.0,33.19448626333761
21.0,13.267076468676136
0.0,4.073204038443545
36.0,48.37987823551619
96.0,99.07833065288294
12.0,11.192699619470998
77.0,78.2142504346938
49.0,26.84352604275959
52.0,50.203120209353706
90.0,112.50805958828651
77.0,69.95696254981098
59.0,69.82780436790398
19.0,10.658961412372644
67.0,63.02626669047654
0.0,10.811398964674295
32.0,61.669686914000025
50.0,37.12873158215771
108.0,109.7530199923862
40.0,33.874266204493914
61.0,50.17048448205496
109.0,104.61490751501248
0.0,21.360308093746443
64.0,85.79926010077816
250.0,253.31689591643004
127.0,119.90416420472546
0.0,14.997104241288424
147.0,169.04848183876652
23.0,22.897743461324016
26.0,14.646880129727432
0.0,11.095713793000638
0.0,18.29187238086497
0.0,11.23139575083689
16.0,22.774849931458483
145.0,132.2615087013819
77.0,101.38126933184996
78.0,98.41927249237314
44.0,31.137598697416315
0.0,4.945623302218517
165.0,155.1992794246592
151.0,156.84417028755135
0.0,5.703122700064911
171.0,172.2286850274208
83.0,64.83708270090794
42.0,57.26398093778245
20.0,26.928159322391444
79.0,66.75286608033028
82.0,126.91924630878793
85.0,89.06355611512343
90.0,62.13695482562863
0.0,1.6039565810256153
30.0,21.621762992770567
32.0,28.76311844560233
0.0,16.468238028685047
19.0,23.484215872221963
0.0,2.0806533992973058
12.0,14.136266204631738
145.0,121.2259945394265
96.0,110.55003648288377
0.0,0.8319680391989138
73.0,76.7408210908919
40.0,27.092801647183936
96.0,83.94106473368879
129.0,145.08373286261138
43.0,60.841407761250856
14.0,12.625434009910178
42.0,34.53080221664627
126.0,122.02129657700519
0.0,18.480062408126958
86.0,98.86255403725185
11.0,13.015986378377995
110.0,85.5948788972286
0.0,8.609695646819466
186.0,170.93872103275422
110.0,113.94215560217279
105.0,127.71818155842853
176.0,169.33418640702155
0.0,15.090478416141684
93.0,109.54207691182141
90.0,98.01901548385034
66.0,55.1986892500579
47.0,57.31202460205986
54.0,63.94953551117984
35.0,29.78227279881356
159.0,181.61651546121874
141.0,132.45654427544554
87.0,88.62787513832647
25.0,39.02839560475569
98.0,106.72315564361516
0.0,2.40369142583594
105.0,106.49910932526073
82.0,80.16799669969711
61.0,68.69526344633154
160.0,159.64571876325147
140.0,115.54715775838172
0.0,9.210291733763341
0.0,3.2289544027492005
0.0,7.568229705617542
12.0,12.243718147489565
36.0,24.226606171163077
183.0,164.56704464230404
133.0,117.55423591569078
0.0,1.5726482961618222
146.0,150.8938297790957
82.0,82.4407339904868
12.0,3.096589864901022
15.0,13.170043853590451
31.0,45.69131924906525
183.0,165.2487650568157
22.0,10.455826811654857
141.0,119.87981099261894
120.0,152.58991097144576
54.0,60.42064861819239
0.0,16.97672610322446
26.0,17.15265120396444
183.0,156.87931201951437
89.0,79.37115167738106
171.0,166.75332507154977
30.0,57.53225874079746
63.0,65.62640676597228
26.0,27.927907141891406
49.0,22.555532167971684
198.0,134.1128761953801
126.0,125.48034788401735
47.0,41.768346339064884
30.0,28.03418503170879
48.0,30.33843637668799
78.0,81.9520801836873
105.0,103.24799112567419
135.0,123.25123009606479
0.0,10.962533675837962
129.0,122.4280544049121
48.0,58.634912347526075
105.0,93.6784775220069
38.0,64.70873401901588
79.0,81.03318685190426
43.0,68.29641189351204
156.0,155.16650154361673
75.0,117.6620139940055
12.0,15.397399617322817
57.0,47.309824829195094
187.0,179.73767361383486
114.0,114.22685977531242
46.0,48.05119788593002
71.0,66.83069744874737
38.0,59.492761368334456
14.0,36.741664493187834
0.0,12.016378502669694
93.0,71.79418806591781
0.0,18.119870783130125
48.0,34.48025189310763
180.0,181.88051142132727
0.0,1.8522654608675142
96.0,97.9485647211529
130.0,102.23506005144004
108.0,87.96285569166683
165.0,126.18356342799464
65.0,78.2848604636408
176.0,163.79343853011855
170.0,173.25405090685615
95.0,108.89519424186612
149.0,141.94406103669246
24.0,45.1134310146206
0.0,12.632385380681564
155.0,138.1574915768996
69.0,46.95555108353809
125.0,102.18575940847548
117.0,115.38851106208045
76.0,50.95583667940539
207.0,190.31602730240252
23.0,36.04410130233003
59.0,57.8975437339376
14.0,18.67428923997966
240.0,196.76233070669787
12.0,28.965753336614142
54.0,74.12236714375072
0.0,10.86796277607208
64.0,80.3310319907971
139.0,116.78222421314784
75.0,121.33057922981716
33.0,21.821275920436417
78.0,44.3103179915113
164.0,143.11727850761733
0.0,10.30458499950715
39.0,29.332606205857978
8.0,19.489407796989994
0.0,-0.7118135593494884
0.0,4.946484805704907
110.0,99.6220589942884
109.0,106.50320478037222
134.0,134.8055767716419
133.0,120.249885218883
12.0,17.22424148565759
112.0,98.79689136948433
80.0,70.86139332362414
92.0,111.89988003996585
94.0,93.9816867183363
113.0,94.1060069770813
128.0,127.77777846443841
56.0,46.37750229745107
119.0,87.75437881232388
13.0,24.019580035402317
27.0,21.286694113715267
41.0,34.95655019901446
0.0,10.193527903466707
42.0,44.91610654864148
46.0,49.66826791285299
0.0,11.7663415412364
41.0,51.08225029910618
43.0,44.8656903342545
69.0,62.60435516261976
23.0,29.990796092706198
4.0,15.241731459520114
0.0,15.81847471278454
29.0,21.925377602486446
0.0,18.058784396568843
0.0,1.8273816521291713
143.0,131.58810225791964
118.0,111.84749897815985
78.0,52.266651197055914
56.0,49.4640790614083
174.0,171.8234562820723
100.0,96.2230249547172
64.0,60.50820583959417
127.0,143.01134501170756
118.0,127.47092294709074
138.0,139.68320690179823
59.0,55.88859314626388
69.0,70.07946512095812
214.0,210.3404218102608
12.0,8.747746401537855
68.0,84.93952409493501
157.0,143.08337901743428
76.0,73.48348349736048
131.0,104.50987794345403
4.0,14.459396199092888
50.0,34.08154801342846
135.0,121.92352719872667
59.0,100.09750651334852
120.0,111.43828032577184
57.0,60.065886466929975
145.0,119.41728813908801
93.0,121.26329694337866
162.0,153.83063977792239
14.0,11.400553554297796
151.0,120.81983191175689
145.0,141.2341930798734
0.0,3.068250775975092
97.0,69.09662023700847
36.0,21.74375434542882
174.0,160.9693047918238
35.0,25.451534728247434
130.0,96.34669473799796
20.0,25.351254920294583
65.0,57.23515859501859
185.0,192.0798984078953
132.0,111.7144706886123
99.0,114.76972120056321
56.0,43.278671180711534
149.0,138.51287919411183
13.0,25.583003971137273
23.0,15.015877796653127
14.0,21.853590907231375
205.0,194.5509479838132
0.0,11.213250978316072
37.0,22.124721425561212
71.0,53.92734075446447
0.0,-6.770987841672025
62.0,66.23356045262497
7.0,2.2128271667171195
0.0,5.366488812866292
144.0,120.46161525542365
173.0,139.5705492534963
0.0,4.359511045922028
22.0,21.096785635080984
0.0,11.410020330599398
65.0,65.73592173190119
182.0,185.00179866484604
47.0,62.51989551214636
117.0,114.80541553665527
97.0,77.11655257938533
102.0,107.99560180018607
70.0,66.4842088088824
61.0,56.76321685560732
115.0,123.04340406291968
95.0,81.51383080367087
120.0,114.77500776254149
94.0,81.02654055163212
79.0,88.06796591851055
0.0,-0.9294804422132299
0.0,22.634434688608813
54.0,38.673256204268476
45.0,48.81237074790694
140.0,160.19658851440295
75.0,88.0011335670878
93.0,58.88772508043122
12.0,21.704675269974963
141.0,149.92646342804028
98.0,85.76706577974309
0.0,6.79200767898002
72.0,82.4889326369905
25.0,16.57465104011696
115.0,112.9659369423005
0.0,2.361770586167494
132.0,128.64698358612324
118.0,119.71755065114208
51.0,65.59017756011167
0.0,10.797143757273277
190.0,179.34982447935215
113.0,89.13367020205135
108.0,117.2578630644824
0.0,25.52476879237449
77.0,74.86437301391122
112.0,122.83174437851302
80.0,79.78310820118472
171.0,148.73189311312393
43.0,62.021560691953084
0.0,12.635354362969341
20.0,6.749202036431956
30.0,54.04727953103221
38.0,27.483973836309943
35.0,15.931802834541894
65.0,59.908562257306045
54.0,109.51964476072644
3.0,13.46267982740271
33.0,41.08499690039273
0.0,10.881565925309758
78.0,73.38422117834729
115.0,122.56327925498587
32.0,36.925748714990405
128.0,126.11240023347729
93.0,96.54137686369316
50.0,44.491461170092
56.0,63.2480975264923
13.0,10.368271499509916
127.0,106.3347704422955
14.0,29.619586662037545
13.0,22.948798154509078
5.0,9.594429116871996
48.0,4.523957259473866
30.0,62.061219576687776
0.0,17.73239606901958
0.0,-1.8445289264826954
24.0,38.325187988337284
11.0,14.558928161546012
75.0,70.9176841752474
106.0,101.30832957084105
75.0,80.64134021684936
0.0,5.616112638994091
158.0,150.84570815968175
59.0,42.93346362429591
49.0,33.33823487796502
139.0,120.97061138719252
101.0,82.76521369033588
11.0,22.67213289678737
175.0,178.33686893958372
63.0,55.40046853791303
138.0,108.2112952433418
130.0,105.7903185104251
19.0,17.318579615654258
107.0,108.381560426
133.0,124.2357035793661
35.0,20.912664344463977
0.0,9.128494468684583
117.0,90.0663841761361
177.0,154.6561151671504
131.0,116.25045397043276
0.0,11.099768958832446
71.0,52.630428537621675
9.0,6.974896330136983
62.0,72.25896645282577
0.0,18.169786267638507
150.0,177.28818284652277
97.0,105.59065932529164
90.0,78.56817680829793
13.0,7.912810047024731
123.0,128.4538749443773
0.0,5.903148832596244
90.0,81.06512216912526
0.0,4.31260612647266
0.0,9.386925147533168
3.0,10.110061623400433
102.0,86.51871822290958
117.0,115.97364969352071
13.0,14.390090450947946
111.0,93.87792702764409
0.0,-5.948345278797892
89.0,84.46607170459103
14.0,20.412734577325267
128.0,143.64925448210036
18.0,18.410825826752262
87.0,67.84471136191956
34.0,33.90712643732064
0.0,10.49020020446312
94.0,52.14973216745894
79.0,50.92448817883556
91.0,74.75958677080082
0.0,-0.9809689346026834
129.0,123.08768945868992
70.0,70.01195678203148
152.0,119.64390555096128
165.0,165.592143580891
13.0,21.03171822061386
242.0,204.50905901651151
87.0,87.39058081278728
0.0,26.709333805807198
83.0,71.05242626977605
11.0,13.428193007770469
148.0,154.80139909841026
0.0,9.525526966329299
54.0,60.526997267161676
49.0,45.70274099429046
117.0,103.15166270706425
105.0,105.93943474748461
67.0,39.488324369763994
52.0,78.03692783639411
23.0,28.135617430779707
9.0,38.47878592926496
100.0,100.23038478208909
21.0,26.31415700233331
0.0,6.596971553787446
48.0,42.980036243015626
26.0,15.388271396700315
70.0,77.0263557093972
0.0,7.2148371022219075
152.0,115.17756855131906
82.0,88.93714389424758
17.0,28.484185172215227
32.0,22.64551694363354
92.0,122.18788081969748
11.0,5.831389935630633
11.0,9.150314679323078
137.0,124.66081659214163
87.0,95.9674280043265
156.0,126.6999755353205
181.0,148.45036830520223
11.0,22.59464393885368
88.0,95.21840395535341
209.0,193.85865511428025
58.0,58.21711479526183
203.0,164.64898935894936
0.0,14.416524911147702
109.0,103.46412390620598
96.0,105.35447687970807
129.0,126.55076336533287
0.0,-0.77680873993633
94.0,75.134408139699
115.0,116.9547898024268
134.0,96.56699760027456
57.0,42.84308202961171
30.0,42.15704026312068
153.0,139.27238910206518
45.0,45.15840605373106
0.0,21.08243810040858
35.0,26.018500904652516
0.0,31.067917658680663
39.0,53.37003591378009
6.0,20.948146689630885
73.0,61.16343603098196
27.0,22.263733759661157
99.0,75.93743225893711
0.0,9.856271946540286
15.0,16.612822609251698
150.0,147.06768461659294
178.0,165.58637135685663
15.0,10.429090192340812
130.0,144.42089237871713
0.0,10.512466451034575
108.0,110.83891697429127
96.0,74.29413390872313
0.0,7.4309194120762
0.0,15.488756890982978
101.0,105.32792600874576
120.0,118.05855440193375
21.0,40.31463158403865
47.0,72.13687136771331
58.0,50.1098968184369
17.0,19.418332165634574
173.0,146.55029105175305
25.0,18.18297478098856
148.0,133.09901897444448
78.0,100.8737781782947
38.0,37.69585246888253
141.0,157.46825957007596
0.0,1.4696943564321325
182.0,169.4207854561193
6.0,13.217011524670085
73.0,66.80621081283401
51.0,53.78915492592867
56.0,38.20601776214119
34.0,40.06711840693768
11.0,7.871163922082368
49.0,41.421986920001565
88.0,112.89850319654693
24.0,16.318024957491406
175.0,167.36591272389535
166.0,155.37499648952704
26.0,21.170948062023967
84.0,87.47045024652684
23.0,50.000679364777724
41.0,60.659453185736126
152.0,141.5357439636554
23.0,30.999293544864198
0.0,4.428294174460821
46.0,37.58198797461859
23.0,36.48033700785895
113.0,107.88479677137693
0.0,7.265645266186382
122.0,115.31992619752879
20.0,32.619336362351504
44.0,39.28040654057408
71.0,91.9030429792738
74.0,80.73043544791074
96.0,95.8802682182613
45.0,35.51512876590571
12.0,12.819878889093758
20.0,32.01965353704996
0.0,33.072861787692815
96.0,111.6218305198422
80.0,34.90396886727167
142.0,136.19841462976618
65.0,62.284094621900444
61.0,51.38254232104676
34.0,12.424399903157909
160.0,147.96056023847598
99.0,74.63025314063047
60.0,63.186955474100834
59.0,51.76721971496715
25.0,57.46697481413774
63.0,73.88987785684252
0.0,4.808828156609831
122.0,134.16941761613234
85.0,98.97637242397066
126.0,103.52418158871284
60.0,48.6704089029826
2.0,9.685054353724214
57.0,39.5317138481576
11.0,3.870975316577781
147.0,140.5855569796948
13.0,7.7304085525825235
140.0,130.68200697987947
115.0,108.29503425698796
34.0,38.025562777500994
166.0,158.26679572840078
29.0,21.022004283780667
31.0,30.734168828675834
67.0,64.80601311509582
0.0,1.639082345479292
166.0,151.84345420472798
0.0,-0.24952715292998467
151.0,153.68102937215193
46.0,38.007866546413666
100.0,83.62287457300327
183.0,185.80555376463892
76.0,71.49881303659234
139.0,130.89135838597187
73.0,45.601048345163015
13.0,7.496915416256266
78.0,95.23138197248407
0.0,37.130920926686635
0.0,15.275968079378362
96.0,97.81658609327441
36.0,31.30573423715119
138.0,137.7523224978181
26.0,15.64353899293665
73.0,86.5295970518093
0.0,14.625582126388382
0.0,4.612303803714674
20.0,13.354808908606746
56.0,34.24451177072096
25.0,24.549880973706344
23.0,44.31029630071289
118.0,107.69846752347694
206.0,191.3301300655138
94.0,114.72705829660754
0.0,14.685317643799143
145.0,115.96233606301703
15.0,5.861768279395331
106.0,118.27556422583794
13.0,13.879124257098832
46.0,21.75618548882612
113.0,96.70590238906979
51.0,76.61953513897147
75.0,82.30476472550558
0.0,26.970948642959602
0.0,16.921669001428754
5.0,2.5458475378311634
264.0,254.44856698481627
57.0,32.63124123837908
88.0,164.63998844277438
77.0,42.21814805703405
89.0,25.746253031909024
39.0,49.31425160042075
12.0,16.69533306353433
0.0,-6.99612787212678
99.0,122.90137932773601
137.0,116.66090786463559
30.0,19.777329010058416
11.0,17.6664697194359
108.0,78.55599790232395
26.0,21.530542847744247
114.0,128.28371795692397
112.0,109.57269790716875
60.0,45.132106197441566
47.0,42.4854852929771
65.0,71.43558909262694
124.0,102.75936950497187
80.0,62.336864919234394
160.0,139.81029469405507
12.0,23.993463347409588
18.0,32.070216555012884
96.0,98.4041020959488
113.0,123.33771351150683
55.0,76.5139702065644
156.0,139.80035355375747
196.0,192.55442198161214
114.0,121.01602096527296
13.0,32.25663741444958
11.0,20.256703793459064
134.0,128.92591033324376
154.0,126.46658571210851
178.0,191.73890273427662
0.0,18.64637541284485
106.0,102.4718233708029
13.0,12.076709232277334
0.0,3.025787872758444
162.0,160.0537476400088
17.0,13.251486788870606
37.0,35.83314674463595
56.0,42.17906925562409
0.0,-3.1635709347596626
24.0,39.13796485915357
0.0,-3.5031137109325323
135.0,134.6485202067776
13.0,16.73832764190776
72.0,73.32963823980339
91.0,125.29962566841746
0.0,6.615837404991787
31.0,35.358285921581185
0.0,2.7062373040695884
13.0,21.96773051785744
23.0,32.05738422155704
23.0,34.74812364949369
32.0,15.966274751597153
90.0,74.95641523457006
13.0,12.867145030753335
0.0,-2.9106134213670374
83.0,77.69485173599962
58.0,77.0796609729537
244.0,228.62963465003494
14.0,21.440944498506287
122.0,109.07483330607133
153.0,149.37531128090623
153.0,112.54626457869121
83.0,83.83439211041714
81.0,51.55528503010475
119.0,116.24487992630587
60.0,70.26220465033248
28.0,25.450866038471595
109.0,116.78041772180039
104.0,119.00372265298132
56.0,74.86815539679928
0.0,17.970831184558033
27.0,30.615241623937187
139.0,116.37875436737303
0.0,0.41803732431990753
83.0,95.23383900542596
85.0,100.2680544674584
90.0,77.21831144957302
11.0,3.2657736943047175
20.0,17.58978659730104
0.0,10.465568101180626
37.0,44.007455833911784
51.0,46.00639570648633
21.0,25.427771593120426
74.0,104.47205570693193
177.0,174.46528588624628
0.0,0.3796721862212716
6.0,18.548159186054086
0.0,10.94799627910597
103.0,96.13279923288327
50.0,61.801511962140225
71.0,66.43092375774258
80.0,71.37031783345374
112.0,102.13605604145773
52.0,52.39892424780332
88.0,83.2798360840284
14.0,17.73783953202163
76.0,98.00788803579869
148.0,139.0743466705036
53.0,65.94705613384532
106.0,111.56354181872815
46.0,6.432196723271061
31.0,62.65709718860614
178.0,101.2806540301238
0.0,6.232208273638934
117.0,127.01743347345055
89.0,74.89092745422134
21.0,23.04519768366617
10.0,20.80143191201383
106.0,137.64741033164805
54.0,53.18651718680033
0.0,16.165313014380327
41.0,28.8394375454703
31.0,23.853681870245953
25.0,24.511959497074958
90.0,74.290890497866
0.0,10.755374149074436
13.0,16.665204862132274
0.0,12.007786468338034
120.0,96.12644417955183
139.0,139.86489832443002
74.0,86.44867714074056
72.0,50.29792156613703
39.0,72.2301542745465
0.0,10.871090007729522
72.0,87.27491871266267
133.0,108.69054743251722
14.0,23.19335152030802
145.0,130.30667246707924
87.0,74.8870490878741
92.0,94.67211516456241
64.0,31.308087408209662
0.0,15.532839295410898
147.0,124.85802501089455
0.0,16.198322628477783
59.0,63.46212807212163
88.0,96.09699965708569
44.0,58.70234936270696
26.0,67.97839866584563
151.0,149.16702443270492
131.0,131.9564872844946
176.0,170.26465931291432
137.0,104.12775854235082
17.0,25.89953196241638
115.0,80.2377156114174
3.0,7.694412685385991
0.0,12.017746282557619
0.0,9.531872055932059
0.0,0.9267635671025184
213.0,208.7675132750915
46.0,46.83070210549966
29.0,30.216855423801263
62.0,61.431974589238955
10.0,8.851640893991313
65.0,70.32278584697696
85.0,69.72333866435143
210.0,197.42340204148522
18.0,34.57146767105087
0.0,2.3701891108492714
12.0,8.469395411072693
38.0,30.306239647827944
107.0,125.12920500958623
11.0,12.574606671004922
0.0,17.560430870511905
126.0,96.07967757504211
6.0,15.429267790992665
0.0,7.875062960373839
7.0,5.489648301234671
11.0,23.561573919815356
45.0,38.464411183413624
45.0,39.53187506774545
27.0,41.2855644530653
163.0,156.93224843718434
17.0,27.998151780391982
64.0,47.691630421358944
148.0,134.8281751725934
116.0,136.6221487622793
60.0,63.2745030636611
45.0,43.11328715134571
133.0,123.04700597897026
125.0,147.35468204648936
73.0,83.04220083619558
12.0,12.466437868428056
24.0,16.32955229476051
11.0,8.80930572327286
118.0,90.95115455251083
154.0,126.56695024823863
30.0,18.12396292054331
49.0,61.49093250937907
13.0,17.78215151833671
28.0,57.47144757581118
110.0,58.335163427244254
102.0,86.22718650250134
57.0,48.65657695807187
16.0,12.517074506584416
64.0,78.04074525678473
93.0,77.28139498213545
102.0,83.47210908308463
73.0,70.96428383516383
158.0,152.33091352845142
123.0,145.24029537286205
11.0,29.569061432740828
50.0,67.01176981075257
0.0,3.156392458029425
0.0,14.947501179943991
29.0,17.89952343299164
68.0,76.10302303868708
42.0,36.948993858238886
0.0,13.74698182428661
169.0,171.12090042844943
13.0,57.55435662714054
0.0,5.041485511272664
93.0,104.67097856190634
107.0,123.64353390663683
22.0,33.18853229415032
13.0,24.156630308006743
136.0,118.1255323824826
12.0,17.40395535444532
126.0,120.50813861568854
113.0,93.34030134041772
64.0,58.83927216100092
25.0,23.228812972201148
0.0,6.721621841892983
0.0,16.3206267359024
101.0,59.40021131606287
11.0,26.465325565679812
81.0,87.27074973969279
83.0,90.58532714380495
170.0,142.87478731928388
113.0,112.18685667759738
85.0,105.00864293313055
95.0,57.96716582772578
94.0,78.585880834507
37.0,44.66009362013754
0.0,-4.415175575841563
13.0,15.61558149929261
91.0,62.516691080177395
13.0,2.8791274860619374
0.0,12.511901731066882
28.0,29.71518105465017
0.0,12.884757545877676
171.0,143.6301911361892
69.0,72.68522378249779
44.0,54.88782028162527
11.0,14.84610965640892
124.0,150.96599810770272
0.0,10.760997957414615
3.0,2.784389674355038
73.0,57.44155679436971
82.0,70.24486716829468
55.0,61.5299970069263
106.0,120.96673909863915
50.0,41.83311423566493
77.0,60.58346598084155
107.0,107.49651358656588
15.0,40.08039401067658
114.0,91.6500207255435
69.0,78.15919539747848
89.0,69.83193383976831
84.0,74.38458619118312
104.0,113.64073897992058
23.0,10.196335410067395
130.0,112.51094221724067
150.0,139.61021561615553
0.0,15.113093332274472
30.0,42.36039105291572
123.0,119.24510908305919
86.0,129.83522583500337
62.0,85.92386855997039
22.0,7.840804605049404
110.0,103.0048385951681
207.0,197.03146880960574
28.0,17.11111742009509
27.0,43.05878631493668
0.0,8.049176405621791
0.0,-5.108080326755485
152.0,145.88534638854165
0.0,-5.086138216340311
50.0,70.52183211283369
150.0,139.58397562603224
24.0,33.57331809178975
116.0,111.24276386433405
110.0,116.97331510767404
0.0,8.486679533738752
0.0,9.758538324238568
80.0,80.88883509587328
0.0,8.289038494307201
93.0,95.9965035277347
163.0,166.86573504113431
47.0,49.92509070472689
154.0,166.2618634294584
0.0,12.468272645443832
28.0,16.657426564598996
65.0,60.89839820928982
33.0,29.06530133897578
45.0,59.3284667603957
38.0,48.401432307232675
89.0,78.23106412598523
180.0,160.72960136244254
88.0,99.10684515689267
117.0,128.61575386503046
28.0,30.041960173710358
5.0,20.10510229179251
132.0,119.17825759169484
27.0,17.876029397233047
160.0,139.70290568056802
34.0,33.6419329488247
27.0,39.25949078269039
111.0,118.37802756462182
76.0,58.581409084144255
0.0,76.28834155714677
171.0,153.23152440017205
19.0,18.187357378810965
112.0,113.10737263670397
50.0,71.15052701375191
36.0,32.29292467989445
56.0,64.90704946236961
28.0,11.696929307802689
99.0,96.13647961142028
103.0,109.88471711416496
68.0,66.37508759295613
103.0,109.87895664256597
112.0,105.33613687648806
84.0,89.56644364262725
76.0,78.82670082731467
78.0,58.676868837770655
144.0,150.62469464379552
56.0,32.2339549057694
138.0,117.74513290302244
57.0,61.83313430448676
28.0,29.66501515651216
56.0,54.25521900102914
0.0,6.473289539771376
73.0,72.08536300130558
205.0,155.88282638316497
84.0,103.59404551713477
156.0,99.23175483294273
211.0,202.2103044621408
50.0,51.65201457829817
79.0,86.96361142728101
97.0,88.96452802908635
81.0,78.94317838135953
11.0,16.25350792014184
131.0,136.43100263730489
59.0,64.68967659116657
100.0,91.16386264940526
0.0,9.753697078443999
94.0,91.84101922495961
59.0,61.666536110161815
0.0,3.9012913762932353
69.0,107.88414038928853
82.0,68.42969605152354
122.0,126.42509465146127
68.0,66.8814114899702
66.0,58.42291393835265
103.0,111.80168885035864
83.0,78.04059160713597
163.0,149.9382539745854
0.0,4.779017396213362
70.0,73.17050264526998
14.0,16.12491216487662
0.0,21.267579328639805
0.0,-2.124908766145652
86.0,83.15460695143499
33.0,32.45012683368551
96.0,101.25650530840129
27.0,21.245712253136887
168.0,142.38645145532604
53.0,63.02256572978444
149.0,113.2389182104264
74.0,30.783179358335467
142.0,142.23599194445424
118.0,116.51977091594485
151.0,149.27704020640482
63.0,53.92083249855151
16.0,14.224023160914985
122.0,131.2299494539846
53.0,64.11581644387356
44.0,78.57675513468074
138.0,143.00504929501895
36.0,27.945418166473946
108.0,108.63169148837606
0.0,4.518620285849698
98.0,96.83565354510804
100.0,104.51450307201782
111.0,117.86326644005658
119.0,115.12843858478328
219.0,190.86131951412577
80.0,96.46935116262084
0.0,7.539137812969994
13.0,13.175417669655557
181.0,181.9072443102701
109.0,119.05878037253432
12.0,14.000054469127237
49.0,77.19845320494778
83.0,103.50924845572789
165.0,143.70396437123466
15.0,55.09037614317894
79.0,80.60209574961533
38.0,33.378343297927856
0.0,17.38139662615873
97.0,78.5570009817934
66.0,68.44690864419547
24.0,19.628720769840818
5.0,8.156794507876251
33.0,28.635149936596246
162.0,146.58312618480335
58.0,57.53540555900886
116.0,109.40301046875415
138.0,145.94435079300814
73.0,107.11993574570809
86.0,72.24605564111837
128.0,113.31358603546654
24.0,47.192636063350754
41.0,22.095409748407498
11.0,15.337050005549884
110.0,97.47939663533673
30.0,41.54509963100611
37.0,54.97719840125603
24.0,28.131535224161354
95.0,78.85844806291423
32.0,41.47497306992027
241.0,182.84634078489037
158.0,135.89588013047177
21.0,23.977848114623434
148.0,150.12310725977846
13.0,22.206707326398245
151.0,114.99934296122629
20.0,37.588399583587574
82.0,66.13306259601791
135.0,117.5826727429256
26.0,25.719821704253217
137.0,107.64472968594448
0.0,25.626517095919436
115.0,121.85374940223305
0.0,0.42374636866717563
140.0,137.7046048782163
132.0,139.71535425897198
180.0,162.88680658930568
0.0,20.88431830556054
44.0,58.61601483431783
25.0,12.614806977874164
57.0,46.071376319527936
11.0,5.650976886528122
6.0,5.445511764757212
35.0,28.620791299650957
38.0,39.66629202800044
60.0,58.87716876114271
79.0,80.72833580231796
0.0,8.471428400885303
0.0,9.894565826455173
32.0,53.68273251138194
0.0,3.8280486832841256
109.0,105.17596715000644
25.0,12.985649050501832
0.0,7.053612498163034
0.0,5.7273683834089715
123.0,106.3216044233888
0.0,9.249325415874281
29.0,34.05684282384323
0.0,12.027514472196994
176.0,132.26386563350235
0.0,19.67599126796916
186.0,168.12117928687064
78.0,71.14883576613134
11.0,13.03658505469734
165.0,166.9865014853494
144.0,143.9967686801297
33.0,43.64861437441075
138.0,140.1024151279427
26.0,52.52688543431804
173.0,173.4645164498271
13.0,14.658151345751987
0.0,0.2524191764480108
16.0,30.042498324061896
0.0,19.035076958335477
34.0,19.313001117121722
46.0,59.554936637103935
49.0,52.938430306169046
13.0,29.03107687456795
0.0,7.0856348653108805
39.0,41.12956105000394
0.0,8.617925566672284
36.0,59.51690195024105
47.0,75.15891464820294
0.0,8.337872050721648
50.0,61.899119125178544
94.0,103.56787489264347
123.0,93.93398949250552
160.0,158.65964845170598
118.0,106.3738131629847
162.0,136.63512833295974
41.0,70.98763240356395
141.0,143.14091877806294
173.0,157.76789096554936
28.0,15.56720605557004
211.0,213.66749982884298
173.0,145.23286680014542
162.0,142.08389871551086
111.0,134.4253562403692
144.0,135.51988333361675
93.0,69.35601681628758
52.0,38.60250552974994
0.0,6.988090496299268
14.0,20.012746805615972
105.0,101.82132940403015
96.0,103.94681566030494
11.0,30.4402413798076
19.0,19.190018805612137
0.0,7.496222525488031
0.0,2.904972662352073
82.0,54.28881078854665
178.0,165.19015743962154
117.0,111.99980857697426
14.0,20.96566379940835
68.0,62.451453648345655
82.0,80.61237290002929
108.0,94.54099149422575
182.0,178.87615258762315
0.0,12.637694068492273
93.0,58.108832522001435
38.0,37.18968473148546
83.0,59.45441665893565
39.0,23.471850388494207
79.0,75.09324453436254
0.0,0.13948318522419428
37.0,40.322981136852015
127.0,107.25264225477206
116.0,65.34866261169198
210.0,193.00902604165412
94.0,105.11719149171464
13.0,13.166431935907998
106.0,103.55476175591453
0.0,23.058534362559687
76.0,67.90096380097671
126.0,123.5187881195171
58.0,73.7623946533442
83.0,79.89354638197537
0.0,1.3503974723180694
11.0,25.201211872611086
7.0,3.975601175248916
28.0,24.8336269057149
33.0,10.045462760976303
3.0,17.968400668999138
72.0,60.83677383431774
171.0,93.95746730267794
105.0,109.07363486828568
125.0,98.89148349226063
22.0,16.09914491183447
69.0,62.56738896394741
65.0,73.50765602043884
101.0,93.44768250830909
0.0,17.440431538863024
13.0,25.178452508910187
29.0,51.07202407957643
0.0,5.957047151652693
62.0,112.64181228876538
63.0,60.76271636027046
95.0,106.38708446324462
0.0,0.023171823735889076
0.0,2.340965654013318
0.0,4.914519435650185
0.0,4.202927906453695
126.0,128.77455077732563
0.0,12.908330770266536
14.0,7.9443398696306415
117.0,102.14912089789387
137.0,157.22439561137188
104.0,113.1866931245967
16.0,28.287147719057355
59.0,69.49111249046237
60.0,44.54413631265161
119.0,120.63924666429519
2.0,4.723974978082635
166.0,170.45160110438948
77.0,93.73510084968218
13.0,7.301519546037966
148.0,147.100891405645
0.0,5.601365203464619
11.0,-0.00030624922276773696
110.0,114.83359762031654
86.0,84.64907314206796
37.0,32.48272995682494
25.0,18.073408751567207
39.0,51.501880370516304
15.0,23.109257262014847
175.0,159.59384495674968
113.0,68.26816213190499
196.0,161.8771255951057
75.0,37.188356186683905
12.0,4.686082590901003
87.0,58.582408006835735
56.0,47.27139359389534
126.0,88.3692486924474
16.0,26.40172805346935
29.0,48.55747013739524
116.0,106.40168087645905
0.0,5.855567945231443
140.0,175.99430360433135
182.0,163.79774777234874
107.0,130.46331093053294
75.0,73.49517323369336
150.0,143.6342131421949
0.0,4.926511756281985
60.0,48.46418902915208
194.0,154.0299247525115
100.0,104.52351211301855
11.0,11.409961802889912
112.0,103.79632534836558
126.0,114.80152920986254
10.0,18.265920673690342
0.0,9.265624260338553
104.0,106.0817643568508
97.0,92.57274178221581
0.0,0.649976030041692
0.0,12.03729609841345
135.0,115.03126166554145
90.0,80.87964865182158
89.0,86.18587300084195
31.0,20.595444943860706
88.0,89.33690370908268
93.0,73.45065406112634
142.0,102.68070848198812
78.0,47.682380667538254
80.0,80.6376981450553
29.0,27.92622284094067
204.0,187.14225759084536
0.0,10.241144964702494
186.0,125.75774092972145
146.0,145.32448178824987
130.0,91.33246282480843
12.0,15.111610939188509
0.0,12.404953311927756
0.0,8.545119264056606
41.0,42.417086320058715
89.0,141.98549148112508
127.0,130.55893364880595
154.0,124.2523592242134
13.0,8.364053436596443
197.0,170.34670728675988
0.0,8.706658647224154
11.0,11.046429782894247
36.0,34.97989396376799
100.0,82.82725468833438
14.0,21.403128492845553
120.0,128.64426441076168
71.0,79.22351145110896
0.0,19.359939794169378
0.0,13.257957494567522
16.0,36.49582343273272
0.0,3.1566246911810807
88.0,95.52743553688231
32.0,48.7486192141458
151.0,132.82401137735087
145.0,122.35821567952478
71.0,97.26376278356088
0.0,1.478015408536637
36.0,43.4435279394767
11.0,7.915860107928732
102.0,89.89102688609461
0.0,14.871632977443339
26.0,30.322377460979542
31.0,17.641085429720675
117.0,113.00938379890476
0.0,0.2008075807731932
62.0,71.34229883768877
0.0,10.042097718286977
21.0,15.352003165500022
0.0,17.598564293682966
66.0,70.80321964840347
135.0,118.22782960319046
30.0,31.40321153018786
33.0,24.337265932489597
124.0,114.68476468235771
0.0,1.277027016315912
81.0,86.96169223958654
119.0,96.20509765355118
14.0,23.630767457779218
169.0,163.86566097243963
71.0,63.50339785522243
0.0,-10.42844721323361
154.0,142.02372790032604
128.0,112.49810001392062
0.0,11.46280490967913
0.0,13.5342406544674
13.0,21.605849297541123
114.0,111.59908391773547
157.0,136.33567229231042
126.0,132.59025044304215
12.0,13.715804834813035
24.0,24.9944782929773
35.0,40.83336468423837
109.0,81.37030233895025
211.0,170.78899270819946
34.0,45.68492853476774
56.0,51.47415058094767
290.0,198.61332861060046
81.0,66.98561724157211
144.0,136.06399509595624
53.0,69.45029614690117
100.0,100.71775298150096
90.0,89.73927730755675
158.0,129.42406979116151
34.0,24.43581770251262
25.0,19.202729958479193
15.0,40.72281557704391
133.0,173.39562652834223
11.0,16.378731739683516
77.0,92.52394019819057
13.0,19.425397294827093
39.0,26.85539225361163
0.0,17.524548205873483
53.0,52.69670792376224
12.0,15.647186339184817
13.0,28.245904934015957
25.0,18.72446008201065
0.0,6.441285457421679
57.0,64.29229151355862
131.0,119.35781859709142
150.0,159.99837652751708
10.0,10.146669455383599
0.0,4.5466523277840265
122.0,122.94998114596031
0.0,9.033928249392906
8.0,13.41592412723346
21.0,41.184995256009884
125.0,89.54728360437254
138.0,132.8028782621068
36.0,34.8201240432489
196.0,150.31727779014378
72.0,67.40564847248116
0.0,11.922839987772377
150.0,132.73770253655724
20.0,20.409924471522505
115.0,106.35084206153462
0.0,-0.16962985725392457
15.0,7.667056824000789
17.0,26.279976513817388
70.0,58.24902936257983
0.0,14.833109004695316
19.0,23.590875450179634
69.0,48.95754085480264
7.0,8.024125019754987
29.0,26.483436661974963
0.0,8.919432185813324
11.0,8.946585722407486
23.0,16.141214784449264
82.0,63.015633385339804
71.0,61.00584028623978
53.0,51.84330155589884
37.0,60.164650984861595
70.0,50.392377919111354
124.0,123.48199824026908
